p,omega,delta,mu_e,mu_ql,mu_el,mu_qn,mu_en,mu_qa,mu_ea,mu_h,beta_nh,beta_hl,beta_hn,lambda_l,lambda_n,lambda_a,alpha,f_l,f_n,f_a,kappa,c,Tf,obsprob,T_min_l,gamma,E0,QL0,EL_s0,EL_i0,QN_s0,QN_i0,EN_s0,EN_i0,QA_s0,QA_i0,EA0,H_s0,H_i0,LogLik
2000,1.38404690853547,0.5,0.02618,0.0068,0.001428,0.0034,0.000476,0.00136,0.000408,0.002739726027397,0.9,0.8,0.8,0.018111703182778997,0.0012919369158120005,33.6599594660578,1660,0.07243420045146898,0.94557855663045,0.951404661797392,0.000024400000000000014,0.4,4,0.288400630664717,17.0295741863516,0.333333333333333,1353.24456615467,184.798051213164,3.83154357378886,51.5064341736047,9.96281845827443,58.3739570906402,608.155369838782,7.52229757740329,280.728355444474,3264.86431124429,188.320746498345,0.9433129839706969,0.055644632546187026,-1298.6464895436,-9165.217497
